woord,frequency
the,627
to,355
and,333
of,313
you,296
i,291
a,220
for,207
my,202
in,188
is,162
electra,161
your,156
orestes,144
he,123
that,117
have,111
but,104
this,103
not,103
man,100
it,98
from,93
with,92
his,87
me,82
will,80
are,78
as,76
who,74
old,71
her,69
if,66
house,61
at,59
by,59
one,58
what,58
was,55
on,54
come,54
do,54
be,49
when,49
father,49
she,48
chorus,41
no,40
mother,40
husband,39
am,38
then,38
go,37
now,36
so,36
has,36
him,35
they,32
aegisthus,32
fathers,32
out,31
see,31
or,31
an,31
may,31
these,30
gods,30
we,29
how,29
were,28
up,28
their,28
had,27
home,27
brother,27
would,25
there,25
know,24
well,24
did,24
us,24
,23
all,23
o,23
our,23
must,23
child,22
clytemnestra,22
killed,22
which,21
shall,21
land,21
son,21
city,20
where,20
friends,20
let,19
why,19
does,19
some,19
them,19
give,18
whom,18
things,18
into,18
own,18
kill,18
once,18
over,17
children,17
before,17
those,17
take,17
blood,17
hand,16
peasant,16
said,16
good,16
day,16
leader,16
hear,16
yes,15
unhappy,15
murder,15
marriage,15
daughter,14
troy,14
time,14
say,14
woman,14
pylades,14
same,14
here,14
wife,14
way,14
away,14
dead,13
mothers,13
zeus,13
birth,13
gave,13
ah,13
right,13
than,13
fear,13
hair,12
oh,12
sister,12
set,12
death,12
bring,12
while,12
argos,12
back,12
hut,12
fortune,12
might,12
even,12
dioskouroi,12
head,12
many,12
sacrifice,11
tell,11
such,11
about,11
stranger,11
great,11
since,11
long,11
down,11
god,11
body,11
speak,11
most,11
agamemnon,11
still,11
make,11
poor,10
first,10
hands,10
any,10
brought,10
heart,10
men,10
two,10
off,10
alive,10
bed,10
within,10
also,10
noble,10
both,10
though,10
words,10
think,10
strangers,10
having,9
yet,9
comes,9
only,9
foot,9
want,9
ever,9
slaves,9
bringing,9
love,9
against,9
women,9
eyes,9
its,9
last,9
should,9
exile,9
agamemnons,8
just,8
servants,8
saw,8
work,8
face,8
can,8
tyndareus,8
been,8
alas,8
step,8
took,8
find,8
like,8
earth,8
look,8
dear,8
among,8
dreadful,8
although,8
going,8
sword,8
after,8
hold,8
mortals,8
die,8
could,8
never,8
bitter,7
mans,7
dance,7
destroyed,7
another,7
went,7
murderer,7
return,7
indeed,7
rule,7
coming,7
welcome,7
bear,7
life,7
messenger,7
justice,7
phoebus,7
guests,7
more,7
wish,7
pity,7
myself,7
something,7
sons,7
corpse,7
called,7
always,7
nor,7
unholy,7
young,7
far,7
perhaps,7
turn,7
attendants,7
enemies,7
near,7
equal,7
argive,7
golden,6
learn,6
dearest,6
came,6
better,6
gold,6
tears,6
left,6
hellas,6
too,6
cast,6
other,6
streams,6
shameful,6
done,6
report,6
feast,6
heard,6
please,6
servant,6
wealth,6
grave,6
surely,6
walls,6
famous,6
hate,6
ready,6
cut,6
being,6
place,6
altar,6
given,6
mine,5
yours,5
knife,5
worthy,5
robe,5
ones,5
dont,5
clear,5
helen,5
rightly,5
axe,5
matter,5
friend,5
contest,5
word,5
looking,5
live,5
made,5
troubles,5
forth,5
light,5
others,5
holy,5
least,5
enters,5
hope,5
again,5
someone,5
night,5
citizens,5
wretched,5
clearly,5
because,5
thing,5
wise,5
aloud,5
longer,5
best,5
alone,5
through,5
country,5
water,5
blame,5
goes,5
show,5
leave,5
laid,5
touch,5
nymphs,5
suffered,5
stand,5
sight,5
save,5
mycenae,4
horses,4
stars,4
tomb,4
sees,4
girl,4
beside,4
under,4
part,4
small,4
keep,4
household,4
drawn,4
bearing,4
ago,4
pitiable,4
present,4
believe,4
really,4
nothing,4
lament,4
very,4
lord,4
secretly,4
brothers,4
virgin,4
arms,4
sun,4
bloody,4
thought,4
whole,4
makes,4
lives,4
held,4
message,4
miserably,4
holding,4
fate,4
adornment,4
bore,4
living,4
close,4
without,4
judgment,4
fall,4
argives,4
upon,4
hard,4
victorious,4
evil,4
clothes,4
insult,4
reward,4
ships,4
mind,4
bloodshed,4
slaughter,4
saying,4
putting,4
taken,4
onward,4
prayers,4
pain,4
blessed,4
chariot,4
calling,4
apollo,4
joy,4
lock,4
family,4
share,4
thyestes,4
died,4
high,4
enter,4
ground,4
along,4
receive,4
himself,4
born,4
anyone,4
fool,4
nature,4
roof,3
companion,3
heaven,3
weeping,3
laments,3
fell,3
aside,3
leaving,3
ancient,3
anger,3
rivers,3
farewell,3
powerless,3
anything,3
endure,3
mistress,3
king,3
joined,3
ways,3
foolish,3
master,3
deadly,3
shield,3
slave,3
hide,3
angry,3
understand,3
care,3
knows,3
whatever,3
trojan,3
shout,3
draw,3
beginning,3
lost,3
happy,3
fields,3
empty,3
sacrificing,3
towards,3
win,3
found,3
much,3
talk,3
whose,3
seem,3
cause,3
hades,3
rich,3
sung,3
accomplished,3
votes,3
penalty,3
menelaus,3
led,3
end,3
stole,3
deed,3
silent,3
need,3
cruel,3
embrace,3
paid,3
drove,3
path,3
door,3
cry,3
free,3
taking,3
recognize,3
threw,3
song,3
victory,3
mighty,3
murderers,3
misfortune,3
pay,3
isnt,3
pitcher,3
story,3
net,3
hill,3
sacred,3
ashamed,3
around,3
fortunate,3
queen,3
carrying,3
locks,3
turned,3
atreus,3
castor,3
suffering,3
mean,3
justly,3
whoever,3
breathing,3
heavens,3
favor,3
spoils,3
wanted,3
wreath,3
news,3
curse,3
escape,3
black,3
little,3
cried,3
avenge,3
rustic,3
wrong,3
dared,3
send,3
arrived,3
ilium,3
alpheus,3
power,3
dawn,3
arm,3
honored,3
hated,3
town,3
absent,3
put,3
bright,3
seen,3
thetis,3
ornament,3
sake,3
persuaded,3
tender,3
dying,3
sea,3
defend,3
throat,3
terrible,3
thessalians,3
wail,3
rank,3
polluted,3
sheep,3
deeds,3
sent,3
wicked,3
whenever,3
assembly,3
oracles,3
knowing,3
maidens,3
get,3
hears,3
wandering,3
soon,3
married,3
breeze,2
suppose,2
either,2
insulted,2
worth,2
shed,2
respect,2
form,2
weaker,2
wanderer,2
loved,2
strength,2
therefore,2
conversation,2
stone,2
judge,2
brings,2
winged,2
altars,2
road,2
wept,2
got,2
command,2
later,2
carried,2
sign,2
stayed,2
middle,2
doors,2
greater,2
eager,2
robbed,2
feared,2
round,2
nauplia,2
treachery,2
lands,2
prosperity,2
lot,2
nereids,2
spoken,2
ignorance,2
dread,2
chastity,2
mark,2
team,2
rags,2
strike,2
punish,2
immediately,2
flight,2
anothers,2
mournful,2
shared,2
fiery,2
vengeance,2
trojans,2
mankind,2
mycenaeans,2
vain,2
approach,2
lamb,2
ambush,2
planned,2
offering,2
gets,2
deny,2
achilles,2
goddesses,2
weight,2
knew,2
except,2
basket,2
wait,2
wet,2
athens,2
call,2
remembers,2
catching,2
open,2
hearth,2
hounds,2
spears,2
throne,2
dress,2
fortunes,2
fawn,2
meal,2
plan,2
wronged,2
dorian,2
possessed,2
remains,2
seated,2
male,2
crafty,2
human,2
tidings,2
cannot,2
common,2
oracle,2
worthless,2
between,2
cloak,2
wild,2
content,2
groan,2
distress,2
battle,2
slain,2
new,2
seeking,2
hasten,2
equally,2
chose,2
prey,2
expected,2
war,2
garlands,2
bad,2
drive,2
together,2
approve,2
ares,2
flame,2
glorious,2
robes,2
speech,2
trial,2
saved,2
unless,2
wander,2
bedfellow,2
granted,2
broken,2
mortal,2
scepter,2
hateful,2
true,2
shorn,2
assign,2
dwell,2
meet,2
test,2
secure,2
struck,2
case,2
boundary,2
sky,2
beauty,2
sigh,2
giving,2
wrongs,2
press,2
tenth,2
poured,2
understood,2
brave,2
sisters,2
frankness,2
clad,2
ancestral,2
refuse,2
however,2
asked,2
kings,2
homes,2
enough,2
inside,2
opposite,2
treasure,2
crown,2
food,2
behind,2
falls,2
shrine,2
river,2
outside,2
ox,2
hatred,2
reasons,2
course,2
furnished,2
tribunal,2
chaste,2
blow,2
glad,2
sweet,2
truly,2
slaying,2
strong,2
accept,2
money,2
telling,2
calfs,2
air,2
lived,2
suffer,2
else,2
praise,2
retribution,2
sort,2
hellenes,2
thinks,2
join,2
necessary,2
twice,2
evils,2
offer,2
messengers,2
springs,2
hills,2
ask,2
orphaned,2
belong,2
host,2
pallas,2
murdered,2
limbs,2
proud,2
following,2
courage,2
ally,2
muses,2
declared,2
race,2
fire,2
victors,2
opened,2
poverty,2
wellborn,2
entreat,2
possible,2
sailed,2
mountain,2
fleece,2
seeing,2
base,2
engaged,2
wont,2
relative,2
loxias,2
twoedged,2
lie,2
haste,2
above,2
unworthy,2
acts,2
rose,2
impious,2
stop,2
beyond,2
ruler,2
full,2
beloved,2
lioness,2
tantalus,2
discovered,2
stood,2
burial,2
circle,2
lift,2
scheme,2
bath,2
badly,2
preparing,2
bodies,2
lines,2
fires,2
ought,2
shoulders,2
standing,2
borders,2
prophesied,2
grew,2
secret,2
pure,2
carry,2
tongue,2
reputation,2
womans,2
pitiably,2
white,2
entrails,2
drink,2
bull,2
followed,2
pious,2
chanted,2
afraid,2
band,2
low,1
cleft,1
appears,1
headlands,1
dionysus,1
luck,1
run,1
seize,1
aiming,1
rumbling,1
bare,1
pardoned,1
portal,1
greeting,1
helmet,1
address,1
lobe,1
branch,1
shouted,1
able,1
thousand,1
unfortunate,1
inspected,1
appeared,1
spoke,1
pyre,1
states,1
thanks,1
frivolous,1
willingly,1
bride,1
greece,1
luckily,1
unbidden,1
forward,1
loving,1
desires,1
exiled,1
red,1
cauldrons,1
bodyguard,1
snares,1
schemes,1
third,1
memory,1
helens,1
unhappiness,1
fame,1
fail,1
season,1
priam,1
applied,1
signal,1
fears,1
fairest,1
blessing,1
public,1
cyclopean,1
natural,1
narrow,1
insolent,1
swan,1
image,1
fearfully,1
separating,1
abandon,1
restingplace,1
attired,1
lodging,1
dances,1
puffed,1
latter,1
paternal,1
sail,1
number,1
inform,1
risk,1
desolation,1
company,1
hot,1
reception,1
mouth,1
obtained,1
kept,1
appointed,1
meanly,1
lies,1
atonement,1
reproach,1
crags,1
posterity,1
clearsounding,1
rushed,1
important,1
steadfast,1
phrygians,1
breastbone,1
tripod,1
meaning,1
worship,1
deliverer,1
trivial,1
lifted,1
combining,1
sharpened,1
suspicious,1
coin,1
wellbred,1
addition,1
sow,1
sleeping,1
western,1
capture,1
allseeing,1
iphigenia,1
covering,1
swelled,1
kinsman,1
remarkable,1
addressing,1
borrow,1
rim,1
nursling,1
warmth,1
serpents,1
marries,1
labor,1
piously,1
corpses,1
anvil,1
despised,1
imprint,1
myrtlesprays,1
showed,1
spirits,1
punishment,1
simois,1
agree,1
honoring,1
maidservant,1
freed,1
govern,1
become,1
situated,1
allotment,1
intentions,1
hurl,1
woods,1
walking,1
notions,1
victim,1
sinking,1
lips,1
bowl,1
circling,1
unhappily,1
boast,1
achieves,1
revealing,1
rejoice,1
footprint,1
accomplice,1
arcadian,1
herdsman,1
hector,1
pleasure,1
lycaean,1
sure,1
northward,1
described,1
bridal,1
steal,1
rescue,1
evidence,1
promised,1
struggle,1
cup,1
trouble,1
started,1
music,1
professed,1
apart,1
paths,1
smokegrimed,1
signs,1
ruined,1
triumphal,1
affection,1
cases,1
inachus,1
recall,1
towering,1
worse,1
rites,1
terror,1
asia,1
cheek,1
entering,1
until,1
newly,1
usual,1
cruelty,1
pains,1
choice,1
halirrothius,1
additions,1
moistened,1
radiant,1
reports,1
difficulties,1
sad,1
seagoing,1
marriages,1
remaining,1
sacrificed,1
began,1
sorrow,1
confused,1
renowned,1
recently,1
ruin,1
suitors,1
knowledge,1
broke,1
backbone,1
childless,1
treacherous,1
features,1
forced,1
pelion,1
match,1
bending,1
gnaw,1
stained,1
stubborn,1
wasted,1
myrtlesprigs,1
wished,1
interests,1
calf,1
daughters,1
woven,1
yellow,1
mystic,1
goddess,1
straying,1
miserable,1
office,1
tale,1
tame,1
treat,1
slaughtered,1
requites,1
everything,1
rising,1
ossa,1
rain,1
strophius,1
cuts,1
quickly,1
sicilian,1
stay,1
bid,1
lamentation,1
befalls,1
shame,1
dolphin,1
successful,1
flesh,1
pretext,1
barley,1
choruses,1
lifting,1
avenged,1
defiled,1
throughout,1
（cypris,1
wounds,1
euboeas,1
soot,1
add,1
cheeks,1
handmaidens,1
festival,1
interpreter,1
brooches,1
speaks,1
finely,1
alter,1
legends,1
mornings,1
rather,1
rocks,1
temple,1
blackfleeced,1
delay,1
perception,1
hidden,1
leaves,1
looks,1
thickwoven,1
plots,1
correct,1
disease,1
laps,1
threatening,1
wrinkled,1
virtuous,1
revere,1
holds,1
catch,1
somewhere,1
often,1
idler,1
repaid,1
shaven,1
asking,1
proclaimed,1
sacrifices,1
aid,1
hostile,1
amends,1
contains,1
useless,1
acted,1
leaders,1
honorable,1
villains,1
tenthday,1
play,1
relieving,1
murdering,1
savage,1
sweetvoiced,1
provide,1
severe,1
cram,1
easily,1
flayed,1
armor,1
swell,1
accused,1
leaps,1
color,1
platform,1
gorgonfaced,1
announcement,1
ceased,1
ourselves,1
defeat,1
hardships,1
beaten,1
stall,1
changed,1
laboring,1
defender,1
adorning,1
fallen,1
foremost,1
hermes,1
waves,1
soaked,1
help,1
wonder,1
borne,1
defeated,1
nighttime,1
wearing,1
habits,1
maia,1
faithful,1
fraud,1
prevent,1
outstretched,1
nails,1
lair,1
follows,1
disheartened,1
animals,1
purified,1
wives,1
workelectra,1
impale,1
marrying,1
happiness,1
declare,1
feet,1
unwilling,1
accessories,1
takes,1
heavy,1
mycenaes,1
liver,1
unjustly,1
stake,1
walker,1
newborn,1
waken,1
stony,1
stays,1
punished,1
kindled,1
hephaestus,1
late,1
ranges,1
boot,1
sparta,1
flowering,1
rang,1
turningpoint,1
nurse,1
virgin）,1
mazes,1
pleiades,1
lose,1
ascend,1
invite,1
fight,1
prayed,1
wasting,1
means,1
maids,1
illbred,1
fourfooted,1
adorned,1
colt,1
dares,1
parched,1
changing,1
unhoped,1
phocis,1
garland,1
side,1
revealed,1
goldforged,1
fit,1
opinion,1
throw,1
livelihood,1
enclosure,1
calmed,1
willing,1
wickedly,1
grant,1
unmanliness,1
milkdrinker,1
cease,1
standard,1
conquered,1
begone,1
childbirth,1
instead,1
stalls,1
weaving,1
attends,1
gather,1
calls,1
deceived,1
spare,1
flickering,1
gone,1
completed,1
past,1
flowed,1
custom,1
husbands,1
piety,1
recognized,1
shines,1
cries,1
pirene,1
clasp,1
worn,1
remnant,1
shouldnt,1
dearer,1
treated,1
amountthe,1
rises,1
beasts,1
listen,1
suns,1
meadowland,1
rushing,1
verdict,1
associate,1
heras,1
terrors,1
pipes,1
measure,1
service,1
gnaws,1
oxen,1
matricide,1
plunder,1
racecourse,1
escort,1
conquering,1
rage,1
people,1
throatcutter,1
electraturning,1
clean,1
violation,1
decide,1
appearing,1
warriors,1
double,1
depart,1
slept,1
ornaments,1
deals,1
kind,1
basin,1
cover,1
quicker,1
phrygian,1
crowns,1
wondered,1
honor,1
libation,1
misfortunes,1
tends,1
undergo,1
stretched,1
runs,1
uttered,1
hail,1
seems,1
prepare,1
captured,1
mounted,1
struggled,1
fair,1
preface,1
armies,1
gorgeous,1
tread,1
beseech,1
shore,1
dwells,1
year,1
buying,1
during,1
rescuers,1
driven,1
folly,1
quarrels,1
doing,1
possessing,1
violate,1
phocians,1
curing,1
rescued,1
conquers,1
joyful,1
spies,1
yourself,1
bloodstained,1
dardanus,1
overpowered,1
grief,1
riddles,1
law,1
bosom,1
secondary,1
wronging,1
gorgon,1
chieftain,1
aigisthus,1
beg,1
cares,1
journey,1
pray,1
ten,1
appear,1
impressed,1
contradict,1
correspond,1
masters,1
lighted,1
scope,1
watchtower,1
inspecting,1
enemys,1
somehow,1
beats,1
unjust,1
ill,1
plowman,1
showers,1
birds,1
tear,1
filled,1
plain,1
expend,1
stables,1
babys,1
guile,1
sense,1
deserves,1
approaches,1
outcast,1
feel,1
vanquisher,1
l,1
fatherelectra,1
former,1
decks,1
indoors,1
grasp,1
walks,1
godsend,1
killing,1
fragrance,1
gate,1
wailing,1
sound,1
slaughterpylades,1
achaean,1
motion,1
monument,1
combing,1
daring,1
beat,1
flies,1
capturing,1
short,1
songs,1
hospitality,1
polydeuces,1
childs,1
bent,1
worker,1
seized,1
welcomed,1
requital,1
fact,1
court,1
wall,1
countless,1
ode,1
harmonious,1
oars,1
says,1
setting,1
religious,1
eye,1
smear,1
sorrows,1
baggage,1
harbor,1
sunrise,1
decided,1
across,1
mounts,1
defending,1
quite,1
razor,1
bodyguards,1
split,1
belief,1
tanaus,1
rainclouds,1
mortalsthe,1
field,1
hurling,1
noise,1
abandoned,1
cecropias,1
hurt,1
sacrificial,1
account,1
baskets,1
wipe,1
sorting,1
hardhearted,1
leapt,1
aulis,1
truce,1
otherwise,1
motherthe,1
revered,1
temples,1
muchsuffering,1
wealthy,1
below,1
whether,1
vein,1
ditchdigger,1
darkskinned,1
longdelayed,1
plunging,1
random,1
experience,1
pangs,1
crowned,1
argolis,1
hoped,1
profound,1
making,1
running,1
garden,1
necessity,1
teaches,1
hoof,1
fools,1
debt,1
someday,1
working,1
sought,1
sing,1
enemy,1
betrayer,1
speaking,1
evildoer,1
scythians,1
days,1
gifts,1
glens,1
await,1
changes,1
comparison,1
conducting,1
loom,1
task,1
shining,1
terms,1
use,1
sprinkling,1
sit,1
position,1
faint,1
neither,1
weak,1
weapons,1
pardon,1
citys,1
fare,1
withdraws,1
princess,1
cruelly,1
every,1
tearing,1
early,1
brow,1
gorgons,1
tiptoe,1
formed,1
yield,1
list,1
breastplate,1
silence,1
used,1
abundance,1
matters,1
delivered,1
submit,1
wages,1
devise,1
triumph,1
dust,1
reveal,1
turning,1
behalf,1
graceful,1
wellhammered,1
filthy,1
keeper,1
ring,1
tune,1
nobly,1
departs,1
suspects,1
belonging,1
retort,1
display,1
fast,1
allies,1
certainly,1
store,1
wellwatered,1
buckled,1
underground,1
tyrants,1
stones,1
betroth,1
piteous,1
hell,1
rotted,1
overly,1
excuse,1
plains,1
unwise,1
spurning,1
tokens,1
cleaving,1
brandishing,1
（for,1
stepped,1
silver,1
portent,1
gallbladder,1
sandals,1
apparel,1
striking,1
wants,1
talking,1
agony,1
adultery,1
partner,1
thoughts,1
scar,1
unbearable,1
vagabond,1
comparing,1
captive,1
urged,1
unpleasant,1
proclaiming,1
twin,1
musicloving,1
snatched,1
knees,1
malice,1
error,1
imitate,1
moisture,1
provides,1
conduct,1
wineskin,1
assistant,1
barely,1
famine,1
surrounding,1
person,1
schools,1
invent,1
disposed,1
hesitate,1
lead,1
dismiss,1
rulers,1
gives,1
pelts,1
youth,1
vanish,1
vanquished,1
happen,1
hyades,1
release,1
evilminded,1
maiden,1
unfairly,1
fastening,1
prevail,1
royal,1
wholly,1
rekindling,1
sweetly,1
ram,1
amazed,1
endowed,1
plucking,1
considers,1
advised,1
bankrupt,1
too）,1
insolence,1
warfare,1
herald,1
cling,1
moment,1
profitable,1
customs,1
purpose,1
act,1
notion,1
distance,1
shred,1
bravery,1
barren,1
union,1
weighted,1
butchery,1
abroad,1
name,1
claws,1
girls,1
labors,1
horseman,1
remedy,1
measures,1
facing,1
commander,1
attribute,1
inquire,1
unclear,1
handmaid,1
blooming,1
phantom,1
egypt,1
fellowcountrywomen,1
pleasant,1
cropped,1
finishline,1
brotherinlaw,1
summon,1
darkblue,1
wishes,1
garrisons,1
accomplish,1
countrywomen,1
note,1
finishes,1
spring,1
beast,1
point,1
observing,1
looms,1
drew,1
prophetic,1
repay,1
onto,1
banks,1
herself,1
caused,1
hilt,1
delighted,1
trustworthy,1
mirror,1
withered,1
finished,1
chair,1
tales,1
begins,1
stretches,1
bravest,1
trusted,1
helpless,1
marketplace,1
groaning,1
chin,1
fiend,1
today,1
critical,1
flanks,1
clouded,1
skin,1
falling,1
flocks,1
question,1
spear,1
cheeses,1
repeating,1
sink,1
hostilities,1
reckless,1
exact,1
blaze,1
enjoyment,1
likely,1
thessalian,1
rules,1
clung,1
plans,1
serving,1
stronger,1
unnoticed,1
spirit,1
landthey,1
unfaithful,1
soul,1
benefit,1
native,1
spoil,1
helping,1
rolled,1
olympians,1
woes,1
unwashed,1
standards,1
maid,1
stolen,1
severed,1
rest,1
difference,1
libations,1
size,1
sharpedged,1
breezes,1
chance,1
prows,1
names,1
forgive,1
spectacle,1
interval,1
courtyard,1
voice,1
avenging,1
stadium,1
visible,1
bridegroom,1
foundations,1
myrtle,1
mischief,1
prophecy,1
achieve,1
manners,1
passed,1
straight,1
omens,1
loathsome,1
next,1
reproaches,1
sphinxes,1
returns,1
slight,1
breast,1
ordain,1
wide,1
proteus,1
respectful,1
flute,1
breath,1
wear,1
steep,1
healer,1
brides,1
wrestling,1
frighten,1
raving,1
devised,1
rejects,1
seaborn,1
pursuing,1
confidence,1
illfated,1
deathgoddesses,1
dare,1
destiny,1
shieldwork,1
humble,1
highway,1
sounded,1
truth,1
received,1
stirred,1
witness,1
leaping,1
marble,1
bury,1
watch,1
lying,1
fleet,1
beacon,1
presently,1
maddened,1
neighbors,1
coward,1
plot,1
strife,1
riches,1
likeness,1
harsh,1
hearing,1
expose,1
soundness,1
center,1
welljoined,1
leap,1
ended,1
pretty,1
resting,1
briefly,1
dressed,1
wagon,1
weep,1
wrought,1
spine,1
cure,1
cutting,1
descendants,1
backs,1
top,1
parted,1
dishonoured,1
chasing,1
examining,1
pan,1
distinguish,1
pleasures,1
stricken,1
beneath,1
grow,1
guide,1
perjurers,1
washed,1
similar,1
ruins,1
glare,1
weapon,1
astray,1
barbarians,1
roused,1
itself,1
count,1
beautiful,1
marry,1
didnt,1
runner,1
parents,1
gushing,1
lovely,1
sleep,1
pass,1
kindness,1
olympian,1
isthmus,1
oceans,1
ammons,1
accomplishments,1
broad,1
prancing,1
snakes,1
pour,1
swiftfooted,1
touching,1
sorry,1
hera,1
necessitys,1
proof,1
ordained,1
stir,1
glowing,1
shift,1
shields,1
fates,1
singing,1
talons,1
advancing,1
taught,1
flock,1
already,1
lady,1
depends,1
blazed,1
remember,1
training,1
desire,1
objects,1
victor,1
order,1
horned,1
difficulty,1
heavenly,1
confusion,1
sick,1
endured,1
mycenaean,1
goods,1
ancestors,1
unable,1
happening,1
welldisposed,1
nearby,1
filth,1
perseus,1
splendid,1
resemblance,1
dishonored,1
rout,1
happens,1
lustful,1
daily,1
false,1
impossible,1
drag,1
sat,1
object,1
persuasion,1
