woord,frequency
the,627
to,355
and,333
of,313
you,296
i,291
a,220
for,207
my,202
in,188
is,162
electra,161
your,156
orestes,144
he,123
that,117
have,111
but,104
not,103
this,103
man,100
it,98
from,93
with,92
his,87
me,82
will,80
are,78
as,76
who,74
old,71
her,69
if,66
house,61
at,59
by,59
one,58
what,58
was,55
on,54
come,54
do,54
when,49
be,49
father,49
she,48
chorus,41
mother,40
no,40
husband,39
then,38
am,38
go,37
now,36
so,36
has,36
him,35
aegisthus,32
fathers,32
they,32
an,31
see,31
may,31
out,31
or,31
these,30
gods,30
we,29
how,29
up,28
were,28
their,28
had,27
home,27
brother,27
would,25
there,25
did,24
know,24
well,24
us,24
o,23
must,23
our,23
all,23
,23
clytemnestra,22
killed,22
child,22
land,21
which,21
son,21
shall,21
city,20
friends,20
where,20
some,19
let,19
why,19
does,19
them,19
once,18
whom,18
kill,18
into,18
things,18
give,18
own,18
before,17
those,17
children,17
blood,17
over,17
take,17
peasant,16
hand,16
good,16
day,16
leader,16
hear,16
said,16
marriage,15
murder,15
unhappy,15
yes,15
troy,14
here,14
wife,14
daughter,14
away,14
time,14
pylades,14
say,14
same,14
way,14
woman,14
dead,13
gave,13
fear,13
birth,13
right,13
ah,13
zeus,13
mothers,13
than,13
hut,12
argos,12
set,12
many,12
bring,12
might,12
even,12
while,12
sister,12
head,12
fortune,12
hair,12
back,12
oh,12
death,12
dioskouroi,12
agamemnon,11
about,11
great,11
such,11
still,11
since,11
tell,11
most,11
god,11
down,11
long,11
speak,11
sacrifice,11
body,11
stranger,11
make,11
any,10
noble,10
heart,10
poor,10
bed,10
though,10
brought,10
within,10
first,10
men,10
off,10
two,10
think,10
strangers,10
alive,10
also,10
both,10
words,10
hands,10
having,9
should,9
exile,9
its,9
ever,9
foot,9
against,9
last,9
slaves,9
yet,9
women,9
want,9
bringing,9
comes,9
love,9
only,9
eyes,9
just,8
after,8
agamemnons,8
tyndareus,8
die,8
although,8
never,8
work,8
hold,8
mortals,8
find,8
can,8
among,8
dreadful,8
going,8
step,8
alas,8
earth,8
face,8
sword,8
could,8
saw,8
like,8
look,8
servants,8
been,8
dear,8
took,8
young,7
bear,7
indeed,7
equal,7
called,7
return,7
far,7
more,7
coming,7
wish,7
always,7
argive,7
rule,7
another,7
life,7
bitter,7
nor,7
dance,7
enemies,7
myself,7
mans,7
phoebus,7
near,7
welcome,7
perhaps,7
pity,7
sons,7
turn,7
destroyed,7
something,7
attendants,7
guests,7
went,7
messenger,7
murderer,7
unholy,7
justice,7
corpse,7
streams,6
famous,6
came,6
left,6
servant,6
hellas,6
gold,6
golden,6
cast,6
please,6
other,6
being,6
cut,6
altar,6
walls,6
learn,6
place,6
dearest,6
tears,6
better,6
surely,6
shameful,6
grave,6
report,6
wealth,6
ready,6
heard,6
done,6
too,6
feast,6
given,6
hate,6
country,5
alone,5
least,5
blame,5
wretched,5
touch,5
enters,5
water,5
night,5
because,5
show,5
forth,5
friend,5
looking,5
longer,5
clearly,5
sight,5
word,5
matter,5
citizens,5
aloud,5
axe,5
live,5
helen,5
others,5
yours,5
best,5
goes,5
worthy,5
mine,5
wise,5
troubles,5
stand,5
light,5
hope,5
rightly,5
leave,5
made,5
holy,5
nymphs,5
someone,5
robe,5
dont,5
clear,5
thing,5
again,5
suffered,5
through,5
contest,5
laid,5
knife,5
ones,5
save,5
ships,4
high,4
died,4
thyestes,4
secretly,4
lord,4
anyone,4
family,4
judgment,4
virgin,4
born,4
fool,4
girl,4
mind,4
himself,4
stars,4
bearing,4
share,4
keep,4
without,4
hard,4
enter,4
tomb,4
lock,4
lives,4
receive,4
onward,4
bore,4
pain,4
lament,4
household,4
pitiable,4
bloodshed,4
under,4
beside,4
very,4
mycenae,4
argives,4
adornment,4
taken,4
clothes,4
prayers,4
ago,4
living,4
miserably,4
makes,4
along,4
apollo,4
drawn,4
reward,4
message,4
close,4
insult,4
present,4
part,4
chariot,4
calling,4
sees,4
believe,4
nature,4
nothing,4
evil,4
joy,4
really,4
small,4
holding,4
horses,4
upon,4
bloody,4
held,4
arms,4
putting,4
ground,4
saying,4
fall,4
victorious,4
thought,4
slaughter,4
whole,4
blessed,4
sun,4
brothers,4
fate,4
ancient,3
king,3
ilium,3
spoils,3
stole,3
avenge,3
cruel,3
powerless,3
power,3
knows,3
ashamed,3
rank,3
whoever,3
carrying,3
pitcher,3
black,3
rivers,3
send,3
laments,3
deadly,3
sake,3
fields,3
honored,3
suffering,3
murderers,3
sheep,3
escape,3
recognize,3
joined,3
dawn,3
bright,3
aside,3
path,3
slave,3
little,3
weeping,3
hated,3
hades,3
leaving,3
put,3
cry,3
wail,3
song,3
dying,3
net,3
rustic,3
maidens,3
care,3
mighty,3
favor,3
wandering,3
cause,3
towards,3
soon,3
news,3
happy,3
married,3
dared,3
understand,3
absent,3
endure,3
talk,3
isnt,3
found,3
story,3
penalty,3
town,3
roof,3
castor,3
trojan,3
ornament,3
defend,3
mean,3
door,3
sent,3
much,3
seen,3
rich,3
wicked,3
need,3
foolish,3
empty,3
arm,3
whose,3
wanted,3
fortunate,3
oracles,3
knowing,3
seem,3
arrived,3
hears,3
get,3
anything,3
whenever,3
thetis,3
atreus,3
shield,3
sea,3
breathing,3
heaven,3
throat,3
queen,3
mistress,3
locks,3
taking,3
companion,3
around,3
whatever,3
lost,3
persuaded,3
fell,3
embrace,3
draw,3
wrong,3
victory,3
misfortune,3
win,3
sacrificing,3
deed,3
polluted,3
shout,3
tender,3
cried,3
assembly,3
drove,3
heavens,3
turned,3
wreath,3
thessalians,3
alpheus,3
led,3
master,3
sacred,3
threw,3
hide,3
angry,3
paid,3
accomplished,3
free,3
justly,3
beginning,3
end,3
pay,3
silent,3
ways,3
terrible,3
menelaus,3
anger,3
curse,3
sung,3
deeds,3
hill,3
votes,3
farewell,3
borders,2
discovered,2
war,2
sailed,2
slain,2
ruler,2
behind,2
scepter,2
tantalus,2
stayed,2
asked,2
feared,2
planned,2
reasons,2
scheme,2
mycenaeans,2
respect,2
race,2
money,2
got,2
groan,2
worthless,2
rags,2
sky,2
stop,2
distress,2
insulted,2
ought,2
strength,2
enough,2
outside,2
springs,2
drive,2
lands,2
later,2
shrine,2
wept,2
offering,2
meet,2
either,2
ask,2
weight,2
shorn,2
hasten,2
call,2
hateful,2
lie,2
wander,2
ancestral,2
wanderer,2
engaged,2
crafty,2
bath,2
victors,2
garlands,2
twoedged,2
mournful,2
bedfellow,2
mountain,2
dress,2
remembers,2
slaying,2
hearth,2
new,2
evils,2
hellenes,2
catching,2
broken,2
ambush,2
flight,2
wait,2
case,2
tidings,2
common,2
following,2
sigh,2
form,2
chastity,2
unworthy,2
thinks,2
punish,2
course,2
plan,2
shed,2
burial,2
anothers,2
necessary,2
ignorance,2
entreat,2
dwell,2
lived,2
else,2
clad,2
relative,2
seated,2
throne,2
robes,2
proud,2
command,2
drink,2
tongue,2
trojans,2
standing,2
messengers,2
wrongs,2
telling,2
opened,2
doors,2
test,2
worth,2
human,2
judge,2
poverty,2
brave,2
reputation,2
full,2
homes,2
bodies,2
strong,2
battle,2
courage,2
accept,2
eager,2
host,2
content,2
loxias,2
greater,2
wont,2
equally,2
river,2
boundary,2
between,2
meal,2
glad,2
offer,2
saved,2
cannot,2
inside,2
food,2
falls,2
gets,2
nereids,2
achilles,2
nauplia,2
circle,2
base,2
winged,2
prey,2
lioness,2
flame,2
seeing,2
rose,2
truly,2
approach,2
press,2
treasure,2
furnished,2
sweet,2
weaker,2
carry,2
wet,2
vain,2
poured,2
round,2
womans,2
male,2
unless,2
grew,2
together,2
wellborn,2
however,2
belong,2
mark,2
beloved,2
fawn,2
sign,2
beyond,2
expected,2
ally,2
brings,2
lift,2
fortunes,2
bad,2
crown,2
understood,2
afraid,2
approve,2
preparing,2
ox,2
band,2
road,2
join,2
hatred,2
pure,2
lot,2
pitiably,2
altars,2
vengeance,2
therefore,2
strike,2
opposite,2
remains,2
wild,2
hills,2
lamb,2
fleece,2
stood,2
stone,2
fires,2
muses,2
secret,2
carried,2
declared,2
robbed,2
mankind,2
breeze,2
haste,2
twice,2
refuse,2
immediately,2
conversation,2
spears,2
fire,2
suffer,2
basket,2
calfs,2
shoulders,2
bull,2
true,2
dorian,2
chose,2
white,2
open,2
entrails,2
treachery,2
struck,2
glorious,2
team,2
kings,2
followed,2
pious,2
praise,2
air,2
acts,2
sort,2
speech,2
assign,2
middle,2
orphaned,2
wronged,2
knew,2
impious,2
above,2
except,2
secure,2
prosperity,2
suppose,2
prophesied,2
trial,2
oracle,2
fiery,2
possessed,2
deny,2
granted,2
badly,2
spoken,2
sisters,2
possible,2
frankness,2
giving,2
beauty,2
seeking,2
chaste,2
tenth,2
retribution,2
blow,2
murdered,2
lines,2
chanted,2
mortal,2
limbs,2
cloak,2
loved,2
dread,2
goddesses,2
hounds,2
athens,2
pallas,2
ares,2
tribunal,2
shared,2
argolis,1
sunrise,1
plain,1
inachus,1
mounted,1
thousand,1
priam,1
captured,1
dardanus,1
temples,1
barbarians,1
successful,1
guile,1
rules,1
possessing,1
strophius,1
phocians,1
blooming,1
season,1
youth,1
foremost,1
suitors,1
chieftain,1
kept,1
betroth,1
bridegroom,1
filled,1
rescued,1
pretext,1
despised,1
devised,1
promised,1
ancestors,1
ruin,1
lose,1
position,1
roused,1
sleeping,1
（cypris,1
too）,1
dishonored,1
wealthy,1
violate,1
kinsman,1
unfortunate,1
says,1
measures,1
soundness,1
standards,1
dressed,1
nurse,1
resting,1
point,1
necessity,1
insolence,1
wide,1
borne,1
union,1
considers,1
secondary,1
laboring,1
kindness,1
allotment,1
healer,1
ill,1
unbidden,1
labors,1
relieving,1
easily,1
order,1
pleasant,1
worker,1
fact,1
oxen,1
sow,1
idler,1
names,1
lips,1
gather,1
livelihood,1
workelectra,1
moment,1
kind,1
trusted,1
mystic,1
repay,1
during,1
past,1
sacrificed,1
slaughtered,1
unnoticed,1
tyrants,1
combining,1
desires,1
watch,1
（for,1
virgin）,1
accomplice,1
happening,1
lifting,1
eye,1
plowman,1
serving,1
maid,1
maidservant,1
sit,1
inquire,1
landthey,1
returns,1
spring,1
butchery,1
waken,1
enjoyment,1
deliverer,1
defender,1
shore,1
nighttime,1
tearing,1
skin,1
nails,1
striking,1
cropped,1
tear,1
clearsounding,1
swan,1
calls,1
snares,1
washed,1
piteous,1
cleaving,1
plans,1
welcomed,1
crowns,1
making,1
victim,1
aigisthus,1
treacherous,1
countrywomen,1
courtyard,1
milkdrinker,1
walker,1
reports,1
proclaiming,1
third,1
heras,1
temple,1
beats,1
fast,1
choruses,1
beat,1
mazes,1
pass,1
filthy,1
fit,1
princess,1
goddess,1
borrow,1
thickwoven,1
wear,1
accessories,1
revere,1
honoring,1
lamentation,1
attends,1
voice,1
illfated,1
vagabond,1
dwells,1
somewhere,1
renowned,1
wasting,1
crags,1
stained,1
lair,1
rising,1
villains,1
stay,1
beseech,1
spare,1
stronger,1
blessing,1
customs,1
helpless,1
withered,1
wasted,1
sorrow,1
shaven,1
scythians,1
razor,1
gnaw,1
dearer,1
match,1
mycenaean,1
hoped,1
inform,1
distance,1
ditchdigger,1
herdsman,1
respectful,1
religious,1
delighted,1
person,1
fears,1
someday,1
punished,1
virtuous,1
described,1
treated,1
husbands,1
amends,1
steal,1
silence,1
hidden,1
critical,1
daring,1
dare,1
purpose,1
steadfast,1
wonder,1
parted,1
stolen,1
perception,1
gnaws,1
unpleasant,1
overly,1
profound,1
thoughts,1
desire,1
citys,1
heavy,1
misfortunes,1
setting,1
tale,1
motion,1
sorrows,1
beast,1
stall,1
filth,1
weighted,1
royal,1
working,1
loom,1
barely,1
festival,1
rites,1
sought,1
chair,1
asia,1
plunder,1
fastening,1
brooches,1
rotted,1
wall,1
mounts,1
bloodstained,1
used,1
dishonoured,1
received,1
libations,1
branch,1
myrtle,1
barren,1
leaps,1
soaked,1
pelts,1
marble,1
monument,1
stones,1
dares,1
nobly,1
beg,1
interpreter,1
unable,1
entering,1
talking,1
gate,1
suspicious,1
truth,1
pardon,1
declare,1
spies,1
rest,1
abundance,1
shouldnt,1
hospitality,1
holds,1
store,1
baggage,1
contradict,1
display,1
manners,1
illbred,1
fraud,1
shame,1
exact,1
confusion,1
parents,1
famine,1
spirit,1
soul,1
distinguish,1
sorry,1
use,1
disease,1
teaches,1
warfare,1
facing,1
enemys,1
spear,1
witness,1
matters,1
random,1
neither,1
important,1
puffed,1
notions,1
company,1
habits,1
states,1
ornaments,1
marketplace,1
await,1
weak,1
depends,1
natural,1
lodging,1
reception,1
lead,1
sure,1
prophecy,1
dismiss,1
feel,1
warmth,1
advancing,1
difficulty,1
restingplace,1
reckless,1
error,1
tends,1
flocks,1
outcast,1
tanaus,1
cuts,1
sparta,1
bid,1
provide,1
hardhearted,1
wants,1
additions,1
cram,1
cases,1
fail,1
intentions,1
expend,1
curing,1
sick,1
daily,1
every,1
amountthe,1
departs,1
countless,1
oars,1
conducting,1
dances,1
musicloving,1
dolphin,1
leapt,1
rolled,1
darkblue,1
prows,1
leap,1
banks,1
simois,1
euboeas,1
headlands,1
hephaestus,1
anvil,1
shieldwork,1
armor,1
pelion,1
glens,1
ossa,1
watchtower,1
horseman,1
training,1
seaborn,1
swiftfooted,1
harbor,1
wrought,1
signs,1
terror,1
phrygians,1
surrounding,1
shields,1
rim,1
perseus,1
throatcutter,1
sandals,1
gorgons,1
hermes,1
maia,1
center,1
suns,1
shining,1
heavenly,1
pleiades,1
hyades,1
defeat,1
hector,1
goldforged,1
helmet,1
sphinxes,1
talons,1
singing,1
breastplate,1
claws,1
colt,1
pirene,1
hilt,1
fourfooted,1
prancing,1
backs,1
dust,1
adultery,1
warriors,1
evilminded,1
red,1
gushing,1
former,1
breath,1
presently,1
appears,1
steep,1
wrinkled,1
ascend,1
drag,1
bent,1
double,1
sinking,1
knees,1
newborn,1
nursling,1
flock,1
cheeses,1
dionysus,1
fragrance,1
pour,1
cup,1
gifts,1
moistened,1
wipe,1
shred,1
stirred,1
memory,1
interval,1
groaning,1
sad,1
addition,1
journey,1
falling,1
desolation,1
wineskin,1
libation,1
myrtlesprigs,1
alter,1
itself,1
blackfleeced,1
ram,1
severed,1
yellow,1
wondered,1
somehow,1
honor,1
color,1
usual,1
paternal,1
resemblance,1
features,1
correspond,1
grow,1
wrestling,1
schools,1
wellbred,1
combing,1
impossible,1
people,1
similar,1
footprint,1
tread,1
boot,1
measure,1
imprint,1
feet,1
stony,1
plot,1
size,1
conquers,1
looms,1
weaving,1
driven,1
woven,1
question,1
speaks,1
quickly,1
ring,1
false,1
remnant,1
examining,1
impressed,1
silver,1
coin,1
comparing,1
circling,1
amazed,1
pray,1
revealing,1
whether,1
unhoped,1
scar,1
brow,1
drew,1
chasing,1
hesitate,1
tokens,1
appeared,1
aiming,1
confidence,1
longdelayed,1
lighted,1
visible,1
beacon,1
unhappily,1
loving,1
pleasures,1
greeting,1
motherthe,1
partner,1
welldisposed,1
wholly,1
bankrupt,1
godsend,1
foundations,1
accomplish,1
grasp,1
garrisons,1
bodyguards,1
sleep,1
next,1
reveal,1
stables,1
doing,1
difficulties,1
disposed,1
prevail,1
luckily,1
sacrifices,1
seems,1
invite,1
wishes,1
yourself,1
invent,1
didnt,1
reproach,1
suspects,1
object,1
prepare,1
ordain,1
help,1
quite,1
recently,1
ten,1
days,1
stays,1
grant,1
childbirth,1
pangs,1
cares,1
weep,1
childs,1
low,1
turningpoint,1
guide,1
begins,1
escort,1
vanquisher,1
descendants,1
hera,1
mycenaes,1
asking,1
below,1
lady,1
allies,1
everything,1
struggle,1
count,1
indoors,1
triumph,1
depart,1
signal,1
defeated,1
submit,1
legends,1
pan,1
keeper,1
beasts,1
sweetvoiced,1
music,1
welljoined,1
pipes,1
beautiful,1
herald,1
platform,1
omens,1
rulers,1
beaten,1
blazed,1
flute,1
handmaid,1
sounded,1
note,1
sweetly,1
lovely,1
songs,1
swelled,1
luck,1
portent,1
horned,1
changed,1
radiant,1
paths,1
across,1
western,1
hot,1
rainclouds,1
northward,1
ammons,1
parched,1
faint,1
moisture,1
fairest,1
showers,1
rain,1
belief,1
glowing,1
changing,1
punishment,1
tales,1
frighten,1
profitable,1
service,1
noise,1
notion,1
underground,1
rumbling,1
rises,1
rushing,1
wailing,1
means,1
sound,1
tune,1
confused,1
delay,1
vanquished,1
trivial,1
conquered,1
lies,1
trustworthy,1
announcement,1
certainly,1
allseeing,1
stepped,1
onto,1
broad,1
highway,1
walking,1
wellwatered,1
garden,1
plucking,1
myrtlesprays,1
olympian,1
happen,1
difference,1
addressing,1
basin,1
purified,1
ourselves,1
clean,1
ended,1
public,1
formed,1
masters,1
bodyguard,1
applied,1
bowl,1
catch,1
baskets,1
kindled,1
cauldrons,1
rang,1
barley,1
sprinkling,1
rocks,1
often,1
meaning,1
prayed,1
speaking,1
straight,1
cutting,1
lifted,1
boast,1
honorable,1
accomplishments,1
tame,1
seized,1
wellhammered,1
graceful,1
buckled,1
assistant,1
calf,1
hoof,1
bare,1
flesh,1
outstretched,1
flayed,1
quicker,1
runner,1
finishes,1
laps,1
racecourse,1
flanks,1
inspected,1
liver,1
lobe,1
portal,1
vein,1
nearby,1
gallbladder,1
revealed,1
threatening,1
approaches,1
observing,1
disheartened,1
abroad,1
enemy,1
instead,1
thessalian,1
split,1
breastbone,1
sacrificial,1
inspecting,1
sorting,1
bending,1
tiptoe,1
spine,1
backbone,1
broke,1
apart,1
struggled,1
rushed,1
fight,1
bravery,1
brandishing,1
weapons,1
hostile,1
avenged,1
recognized,1
crowned,1
shouted,1
gorgon,1
today,1
debt,1
leaping,1
wearing,1
sing,1
ode,1
blaze,1
fallen,1
contains,1
conquering,1
unjust,1
harmonious,1
victor,1
running,1
stadium,1
useless,1
rather,1
killing,1
taught,1
garland,1
leaders,1
add,1
proof,1
knowledge,1
expose,1
animals,1
impale,1
stake,1
spoil,1
birds,1
hurl,1
malice,1
hostilities,1
terms,1
truce,1
electraturning,1
ceased,1
throughout,1
early,1
mornings,1
repeating,1
wished,1
terrors,1
reproaches,1
armies,1
marrying,1
unfaithful,1
wronging,1
ruins,1
forced,1
govern,1
otherwise,1
remarkable,1
deceived,1
professed,1
associate,1
briefly,1
takes,1
wickedly,1
fools,1
flies,1
flowering,1
short,1
maiden,1
riddles,1
insolent,1
endowed,1
looks,1
girls,1
latter,1
cling,1
fair,1
spurning,1
begone,1
evildoer,1
runs,1
until,1
finishline,1
repaid,1
slaughterpylades,1
rescuers,1
finely,1
walks,1
splendid,1
seize,1
folly,1
hurt,1
avenging,1
matricide,1
defending,1
fiend,1
spoke,1
likeness,1
tripod,1
become,1
coward,1
unmanliness,1
devise,1
task,1
withdraws,1
handmaidens,1
attired,1
gorgeous,1
apparel,1
hail,1
office,1
waves,1
worship,1
court,1
wagon,1
maids,1
adorned,1
phrygian,1
obtained,1
choice,1
objects,1
slight,1
miserable,1
trouble,1
account,1
captive,1
plots,1
opinion,1
correct,1
deserves,1
persuasion,1
aulis,1
fleet,1
stretched,1
iphigenia,1
pyre,1
cheek,1
cure,1
capture,1
benefit,1
behalf,1
pardoned,1
lustful,1
betrayer,1
raving,1
brides,1
astray,1
rejects,1
likely,1
imitate,1
shines,1
caused,1
snatched,1
endured,1
retort,1
unfairly,1
yield,1
sense,1
agree,1
scope,1
remember,1
treat,1
pleasure,1
preface,1
helens,1
frivolous,1
willingly,1
ruined,1
bravest,1
greece,1
forward,1
excuse,1
daughters,1
decided,1
started,1
adorning,1
mirror,1
decks,1
herself,1
gone,1
list,1
pretty,1
mischief,1
joyful,1
clouded,1
worse,1
commander,1
achieve,1
fame,1
gives,1
standard,1
comparison,1
provides,1
spectacle,1
goods,1
belonging,1
buying,1
wages,1
exiled,1
requites,1
marries,1
humble,1
wives,1
chance,1
marriages,1
happens,1
forgive,1
rejoice,1
unwashed,1
meanly,1
schemes,1
late,1
remedy,1
recall,1
l,1
interests,1
stubborn,1
cease,1
harsh,1
rekindling,1
quarrels,1
summon,1
thanks,1
custom,1
experience,1
childless,1
delivered,1
labor,1
babys,1
situated,1
neighbors,1
willing,1
tenthday,1
field,1
stalls,1
finished,1
smokegrimed,1
smear,1
soot,1
sharpened,1
side,1
bride,1
slept,1
fatherelectra,1
follows,1
requital,1
breezes,1
shift,1
cruelty,1
murdering,1
year,1
straying,1
flowed,1
towering,1
cyclopean,1
sharpedged,1
weapon,1
ranges,1
meadowland,1
woods,1
cries,1
overpowered,1
deals,1
befalls,1
cruelly,1
defiled,1
newly,1
triumphal,1
rout,1
evidence,1
corpses,1
loathsome,1
lying,1
atonement,1
rage,1
unbearable,1
proclaimed,1
unclear,1
woes,1
destiny,1
bridal,1
changes,1
piously,1
unwilling,1
showed,1
bosom,1
hurling,1
passed,1
agony,1
hearing,1
uttered,1
chin,1
clung,1
cheeks,1
began,1
plunging,1
urged,1
beneath,1
wounds,1
turning,1
covering,1
appearing,1
top,1
spirits,1
appear,1
listen,1
twin,1
polydeuces,1
calmed,1
swell,1
acted,1
glare,1
maddened,1
image,1
prevent,1
flickering,1
serpents,1
touching,1
stretches,1
gorgonfaced,1
sat,1
decide,1
savage,1
halirrothius,1
oceans,1
violation,1
run,1
risk,1
number,1
verdict,1
advised,1
law,1
posterity,1
accused,1
stricken,1
grief,1
sink,1
cleft,1
revered,1
prophetic,1
arcadian,1
enclosure,1
lycaean,1
name,1
cover,1
capturing,1
bury,1
helping,1
proteus,1
egypt,1
stir,1
strife,1
phantom,1
achaean,1
conduct,1
brotherinlaw,1
phocis,1
riches,1
narrow,1
isthmus,1
cecropias,1
completed,1
appointed,1
freed,1
remaining,1
play,1
attribute,1
deathgoddesses,1
necessitys,1
unwise,1
mouth,1
ordained,1
fates,1
affection,1
abandon,1
abandoned,1
leaves,1
unhappiness,1
native,1
undergo,1
clasp,1
breast,1
separating,1
throw,1
olympians,1
muchsuffering,1
fellowcountrywomen,1
already,1
faithful,1
marry,1
hell,1
pursuing,1
fearfully,1
darkskinned,1
snakes,1
pains,1
sicilian,1
rescue,1
seagoing,1
plains,1
aid,1
release,1
severe,1
hardships,1
piety,1
act,1
unjustly,1
sail,1
perjurers,1
address,1
mortalsthe,1
vanish,1
able,1
fare,1
worn,1
achieves,1
happiness,1
